{
  "eval_model": "gpt-5.4",
  "weights": {
    "legacy": 0.5,
    "rubric": 0.5
  },
  "override_ids": [],
  "overall": {
    "default": {
      "legacy": 64.18,
      "rubric": 78.93,
      "combined": 71.555
    },
    "capimagine": {
      "legacy": 64.86,
      "rubric": 80.112,
      "combined": 72.486
    }
  },
  "overall_delta_cap_minus_default": {
    "legacy": 0.6799999999999926,
    "rubric": 1.181999999999988,
    "combined": 0.9309999999999974
  },
  "buckets": [
    {
      "bucket": "0-20",
      "count": 4,
      "example_ids": [
        18,
        33,
        60,
        71
      ],
      "default": {
        "legacy": 8.0,
        "rubric": 46.45,
        "combined": 27.225
      },
      "capimagine": {
        "legacy": 18.5,
        "rubric": 57.5,
        "combined": 38.0
      },
      "delta_cap_minus_default": {
        "legacy": 10.5,
        "rubric": 11.049999999999997,
        "combined": 10.774999999999999
      }
    },
    {
      "bucket": "20-40",
      "count": 17,
      "example_ids": [
        6,
        13,
        16,
        17,
        19,
        29,
        38,
        41,
        42,
        48,
        51,
        55,
        59,
        86,
        89,
        94,
        98
      ],
      "default": {
        "legacy": 30.470588235294116,
        "rubric": 60.45882352941176,
        "combined": 45.46470588235294
      },
      "capimagine": {
        "legacy": 45.705882352941174,
        "rubric": 68.98235294117647,
        "combined": 57.34411764705882
      },
      "delta_cap_minus_default": {
        "legacy": 15.235294117647058,
        "rubric": 8.523529411764713,
        "combined": 11.879411764705885
      }
    },
    {
      "bucket": "40-60",
      "count": 20,
      "example_ids": [
        4,
        12,
        30,
        32,
        36,
        37,
        39,
        46,
        53,
        56,
        66,
        70,
        74,
        77,
        81,
        84,
        85,
        91,
        95,
        100
      ],
      "default": {
        "legacy": 46.95,
        "rubric": 77.925,
        "combined": 62.4375
      },
      "capimagine": {
        "legacy": 50.5,
        "rubric": 74.755,
        "combined": 62.6275
      },
      "delta_cap_minus_default": {
        "legacy": 3.549999999999997,
        "rubric": -3.1700000000000017,
        "combined": 0.18999999999999773
      }
    },
    {
      "bucket": "60+",
      "count": 59,
      "example_ids": [
        1,
        2,
        3,
        5,
        7,
        8,
        9,
        10,
        11,
        14,
        15,
        20,
        21,
        22,
        23,
        24,
        25,
        26,
        27,
        28,
        31,
        34,
        35,
        40,
        43,
        44,
        45,
        47,
        49,
        50,
        52,
        54,
        57,
        58,
        61,
        62,
        63,
        64,
        65,
        67,
        68,
        69,
        72,
        73,
        75,
        76,
        78,
        79,
        80,
        82,
        83,
        87,
        88,
        90,
        92,
        93,
        96,
        97,
        99
      ],
      "default": {
        "legacy": 83.54237288135593,
        "rubric": 86.79491525423728,
        "combined": 85.1686440677966
      },
      "capimagine": {
        "legacy": 78.38983050847457,
        "rubric": 86.66779661016949,
        "combined": 82.52881355932203
      },
      "delta_cap_minus_default": {
        "legacy": -5.152542372881356,
        "rubric": -0.12711864406779227,
        "combined": -2.6398305084745743
      }
    }
  ]
}