{
  "eval_model": "gpt-4o",
  "weights": {
    "legacy": 0.5,
    "rubric": 0.5
  },
  "override_ids": [],
  "overall": {
    "default": {
      "legacy": 67.46,
      "rubric": 85.4040404040404,
      "combined": 76.72222222222223
    },
    "capimagine": {
      "legacy": 68.79,
      "rubric": 84.94897959183673,
      "combined": 76.70408163265306
    }
  },
  "overall_delta_cap_minus_default": {
    "legacy": 1.3300000000000125,
    "rubric": -0.45506081220366923,
    "combined": -0.018140589569171084
  },
  "buckets": [
    {
      "bucket": "0-20",
      "count": 7,
      "example_ids": [
        18,
        30,
        33,
        42,
        55,
        60,
        71
      ],
      "default": {
        "legacy": 10.0,
        "rubric": 43.0,
        "combined": 26.5
      },
      "capimagine": {
        "legacy": 28.571428571428573,
        "rubric": 54.714285714285715,
        "combined": 41.642857142857146
      },
      "delta_cap_minus_default": {
        "legacy": 18.571428571428573,
        "rubric": 11.714285714285715,
        "combined": 15.142857142857146
      }
    },
    {
      "bucket": "20-40",
      "count": 7,
      "example_ids": [
        1,
        12,
        19,
        38,
        48,
        56,
        59
      ],
      "default": {
        "legacy": 28.571428571428573,
        "rubric": 83.85714285714286,
        "combined": 56.214285714285715
      },
      "capimagine": {
        "legacy": 74.0,
        "rubric": 87.42857142857143,
        "combined": 80.71428571428571
      },
      "delta_cap_minus_default": {
        "legacy": 45.42857142857143,
        "rubric": 3.5714285714285694,
        "combined": 24.499999999999993
      }
    },
    {
      "bucket": "40-60",
      "count": 9,
      "example_ids": [
        6,
        16,
        29,
        39,
        51,
        52,
        66,
        91,
        94
      ],
      "default": {
        "legacy": 46.666666666666664,
        "rubric": 77.33333333333333,
        "combined": 62.0
      },
      "capimagine": {
        "legacy": 51.111111111111114,
        "rubric": 80.05555555555556,
        "combined": 65.58333333333333
      },
      "delta_cap_minus_default": {
        "legacy": 4.44444444444445,
        "rubric": 2.7222222222222285,
        "combined": 3.5833333333333286
      }
    },
    {
      "bucket": "60+",
      "count": 77,
      "example_ids": [
        2,
        3,
        4,
        5,
        7,
        8,
        9,
        10,
        11,
        13,
        14,
        15,
        17,
        20,
        21,
        22,
        23,
        24,
        25,
        26,
        27,
        28,
        31,
        32,
        34,
        35,
        36,
        37,
        40,
        41,
        43,
        44,
        45,
        46,
        47,
        49,
        50,
        53,
        54,
        57,
        58,
        61,
        62,
        63,
        64,
        65,
        67,
        68,
        69,
        70,
        72,
        73,
        74,
        75,
        76,
        77,
        78,
        79,
        80,
        81,
        82,
        83,
        84,
        85,
        86,
        87,
        88,
        89,
        90,
        92,
        93,
        95,
        96,
        97,
        98,
        99,
        100
      ],
      "default": {
        "legacy": 78.64935064935065,
        "rubric": 89.79220779220779,
        "combined": 84.22077922077922
      },
      "capimagine": {
        "legacy": 74.03896103896103,
        "rubric": 88.12666666666667,
        "combined": 80.93666666666667
      },
      "delta_cap_minus_default": {
        "legacy": -4.610389610389618,
        "rubric": -1.6655411255411252,
        "combined": -3.2841125541125535
      }
    }
  ]
}